0.0;0.0;0.0;0.0
1.0;0.06;0.23868325657594203;0.023868325657594204
2.0;0.18000000000000002;0.3861229196653691;0.03861229196653691
3.0;0.41999999999999993;0.6693883835866947;0.06693883835866947
4.0;0.61;0.6947857747012908;0.06947857747012907
5.0;0.76;0.9440938148897764;0.09440938148897764
6.0;0.7800000000000001;1.030641655582687;0.1030641655582687
7.0;0.89;1.0814785987692774;0.10814785987692774
8.0;0.9900000000000005;1.1054959123041623;0.11054959123041623
9.0;1.12;1.1658438657006862;0.11658438657006862
10.0;1.2300000000000006;1.2379112417391815;0.12379112417391816
11.0;1.2500000000000002;1.3880805728658827;0.13880805728658827
12.0;1.3399999999999999;1.3500467631257307;0.13500467631257307
13.0;1.5199999999999996;1.5207653575510172;0.15207653575510172
14.0;1.5200000000000005;1.5074227118904748;0.15074227118904748
15.0;1.6099999999999999;1.4900003389600318;0.1490000338960032
16.0;1.7300000000000004;1.5560569177614076;0.15560569177614075
17.0;1.6700000000000008;1.6146738733167503;0.16146738733167504
18.0;1.63;1.63085774048412;0.163085774048412
19.0;1.82;1.5267315058349622;0.15267315058349623
20.0;1.8000000000000003;1.5699192541804385;0.15699192541804385
21.0;1.8500000000000008;1.7254775360093009;0.17254775360093008
22.0;1.8800000000000001;1.677419856129458;0.1677419856129458
23.0;2.1200000000000006;1.5717197683757211;0.1571719768375721
24.0;2.1700000000000013;1.7000000000000002;0.17
25.0;2.280000000000002;1.7757058633488014;0.17757058633488015
26.0;2.2299999999999995;1.632096006286816;0.1632096006286816
27.0;2.11;1.7972762782060028;0.17972762782060028
28.0;1.9700000000000006;1.7491989508620711;0.17491989508620712
29.0;2.1199999999999997;1.7131694297265214;0.17131694297265215
30.0;2.2100000000000026;1.7014254273545122;0.1701425427354512
31.0;2.16;1.568116672633098;0.1568116672633098
32.0;2.37;1.80714071830546;0.180714071830546
33.0;2.41;1.6520266097106064;0.16520266097106065
34.0;2.4800000000000004;1.7779797865026816;0.17779797865026817
35.0;2.39;1.802887694895065;0.1802887694895065
36.0;2.6100000000000008;1.7803359120109774;0.17803359120109774
37.0;2.440000000000001;1.7192904338591533;0.17192904338591533
38.0;2.6699999999999995;1.6021135030851206;0.16021135030851205
39.0;2.7300000000000013;1.698811230231186;0.16988112302311859
40.0;2.5299999999999994;1.7721470171814326;0.17721470171814327
41.0;2.46;1.702167364677674;0.17021673646776742
42.0;2.4600000000000004;1.8058267084662636;0.18058267084662635
43.0;2.57;1.7767010628315234;0.17767010628315233
44.0;2.489999999999999;1.7378437818460584;0.17378437818460585
45.0;2.3599999999999994;1.755338178588992;0.1755338178588992
46.0;2.1400000000000006;1.6878651868229548;0.1687865186822955
47.0;2.1199999999999997;1.65315737089041;0.165315737089041
48.0;2.2200000000000006;1.6912131799989083;0.16912131799989083
49.0;2.1500000000000004;1.641476300299351;0.1641476300299351
50.0;2.0899999999999985;1.6581296509603645;0.16581296509603644
51.0;2.1200000000000006;1.7597061278991037;0.17597061278991039
52.0;2.189999999999999;1.703798489531345;0.1703798489531345
53.0;2.32;1.7915627172100252;0.1791562717210025
54.0;2.1799999999999997;1.6353419930838422;0.16353419930838423
55.0;2.18;1.665939235192429;0.1665939235192429
56.0;2.219999999999999;1.6054201124234546;0.16054201124234546
57.0;2.2699999999999996;1.7341198681670533;0.17341198681670533
58.0;2.3799999999999994;1.8078392705887407;0.18078392705887408
59.0;2.4099999999999997;1.7296873075264736;0.17296873075264735
60.0;2.540000000000002;1.6962227793458375;0.16962227793458376
61.0;2.5199999999999996;1.7493433111319288;0.17493433111319287
62.0;2.559999999999999;1.8108539198930207;0.18108539198930207
63.0;2.2900000000000005;1.7540429489230496;0.17540429489230497
64.0;2.3500000000000014;1.7137294672347463;0.17137294672347464
65.0;2.2500000000000018;1.7773831632742865;0.17773831632742865
66.0;2.2500000000000004;1.7716909687891083;0.17716909687891083
67.0;2.24;1.7472633725140843;0.17472633725140843
68.0;2.0200000000000014;1.6995543087777012;0.16995543087777013
69.0;2.1600000000000015;1.7391510758546727;0.17391510758546727
70.0;2.21;1.689510119663225;0.1689510119663225
71.0;2.2000000000000015;1.7232808737106582;0.1723280873710658
72.0;2.08;1.6616895381545012;0.1661689538154501
73.0;2.0299999999999985;1.7434147382349816;0.17434147382349816
74.0;2.290000000000001;1.6348168896320656;0.16348168896320656
75.0;2.3799999999999994;1.80783927058874;0.180783927058874
76.0;2.33;1.729453700163754;0.1729453700163754
77.0;2.2999999999999994;1.7436754400988845;0.17436754400988846
78.0;2.28;1.6762150726255176;0.16762150726255176
79.0;2.33;1.6517820190278854;0.16517820190278854
80.0;2.0900000000000003;1.7179680268893658;0.17179680268893657
81.0;2.2600000000000002;1.567472391134752;0.15674723911347518
82.0;2.1800000000000006;1.6353419930838424;0.16353419930838425
83.0;2.25;1.6229104669815841;0.16229104669815841
84.0;2.120000000000001;1.7013363731330304;0.17013363731330305
85.0;2.1199999999999988;1.782518930439095;0.17825189304390948
86.0;1.9799999999999995;1.711399687065792;0.1711399687065792
87.0;2.0300000000000007;1.7376112710537217;0.17376112710537217
88.0;1.9400000000000002;1.7855763294473939;0.1785576329447394
89.0;2.3200000000000007;1.7915627172100257;0.17915627172100257
90.0;2.250000000000001;1.7545035845739465;0.17545035845739465
91.0;2.210000000000001;1.5973146657481554;0.15973146657481554
92.0;2.249999999999999;1.6598344812210961;0.1659834481221096
93.0;2.2900000000000005;1.7132578688722042;0.17132578688722042
94.0;2.4299999999999993;1.843662363094422;0.1843662363094422
95.0;2.6500000000000004;1.7943514064131838;0.17943514064131838
96.0;2.459999999999999;1.783312092765038;0.1783312092765038
97.0;2.33;1.853497921621318;0.18534979216213182
98.0;2.35;1.7487369179155585;0.17487369179155585
99.0;2.4700000000000006;1.737611271053721;0.17376112710537212
100.0;2.37;1.649334117243389;0.1649334117243389
101.0;2.2499999999999987;1.6719612870681382;0.16719612870681383
102.0;2.5299999999999994;1.7835103282316842;0.17835103282316841
103.0;2.4;1.7056057308448829;0.1705605730844883
104.0;2.61;1.7049837820254177;0.17049837820254177
105.0;2.36;1.8063859784194245;0.18063859784194244
106.0;2.4899999999999993;1.7085347257492045;0.17085347257492045
107.0;2.47;1.6844805571673267;0.16844805571673266
108.0;2.2499999999999982;1.7887132105217287;0.17887132105217288
109.0;2.440000000000001;1.8330302779823358;0.18330302779823357
110.0;2.4699999999999993;1.7434147382349814;0.17434147382349813
111.0;2.4999999999999996;1.7320508075688776;0.17320508075688776
112.0;2.540000000000001;1.7776388834631178;0.1777638883463118
113.0;2.3499999999999996;1.6779918252651194;0.16779918252651194
114.0;2.5100000000000007;1.7085347257492043;0.17085347257492042
115.0;2.4799999999999995;1.8339117544833834;0.18339117544833833
116.0;2.78;1.7383377640200373;0.17383377640200373
117.0;2.6099999999999994;1.693093516780942;0.1693093516780942
118.0;2.4900000000000007;1.629866450499748;0.1629866450499748
119.0;2.3700000000000006;1.685679433200498;0.16856794332004982
120.0;2.349999999999999;1.713729467234746;0.1713729467234746
121.0;2.4499999999999997;1.6166744767071581;0.1616674476707158
122.0;2.3400000000000007;1.7245699214996804;0.17245699214996804
123.0;2.3399999999999985;1.5190374411036573;0.15190374411036572
124.0;2.450000000000001;1.695954783083153;0.16959547830831528
125.0;2.4200000000000004;1.532015243746193;0.15320152437461929
126.0;2.61;1.7459621526206803;0.17459621526206803
127.0;2.6500000000000004;1.7429511719720627;0.17429511719720628
128.0;2.6599999999999997;1.72456992149968;0.17245699214996799
129.0;2.609999999999999;1.6446730662808013;0.16446730662808012
130.0;2.7199999999999998;1.711989804557577;0.1711989804557577
131.0;2.6299999999999994;1.6976216280193868;0.16976216280193868
132.0;2.5199999999999996;1.7260921004957819;0.1726092100495782
133.0;2.3999999999999995;1.6080605044147396;0.16080605044147395
134.0;2.3500000000000005;1.597820485233026;0.1597820485233026
135.0;2.2599999999999993;1.7033537922035287;0.17033537922035286
136.0;2.2699999999999996;1.6196707484341792;0.16196707484341794
137.0;2.2900000000000014;1.67751018001096;0.167751018001096
138.0;2.3;1.5406937962286256;0.15406937962286255
139.0;2.230000000000001;1.650558521938388;0.1650558521938388
140.0;2.1500000000000004;1.5978204852330262;0.15978204852330263
141.0;2.3999999999999986;1.620574782681326;0.1620574782681326
142.0;2.4099999999999993;1.6023656753612012;0.16023656753612012
143.0;2.28;1.7060794444301448;0.17060794444301447
144.0;2.2499999999999987;1.6959547830831536;0.16959547830831537
145.0;2.2500000000000004;1.6353111093129724;0.16353111093129724
146.0;2.29;1.6835208416418326;0.16835208416418326
147.0;2.26;1.6306409472933945;0.16306409472933944
148.0;2.520000000000001;1.7025233797472084;0.17025233797472084
149.0;2.47;1.7607103708733614;0.17607103708733612
150.0;2.46;1.6294015757171385;0.16294015757171385
151.0;2.6999999999999997;1.6049166881048917;0.16049166881048918
152.0;2.27;1.6071494308026537;0.16071494308026538
153.0;2.4199999999999995;1.6341061869728757;0.16341061869728757
154.0;2.52;1.7435595774162698;0.174355957741627
155.0;2.54;1.7662377981449606;0.17662377981449606
156.0;2.3099999999999996;1.7390058694959645;0.17390058694959645
157.0;2.14;1.7466851722359962;0.1746685172235996
158.0;2.3499999999999996;1.6899883449481559;0.1689988344948156
159.0;2.340000000000001;1.753610993108653;0.1753610993108653
160.0;2.4200000000000013;1.7243356208503418;0.1724335620850342
161.0;2.4699999999999993;1.7082982258033363;0.17082982258033363
162.0;2.5299999999999994;1.6358051796771476;0.16358051796771475
163.0;2.28;1.6941968688151416;0.16941968688151415
164.0;2.269999999999999;1.6868774571839995;0.16868774571839995
165.0;2.169999999999999;1.6146738733167503;0.16146738733167504
166.0;2.0799999999999996;1.6858292327576365;0.16858292327576366
167.0;2.1999999999999997;1.6514456476895412;0.16514456476895412
168.0;2.24;1.7816120268289093;0.17816120268289093
169.0;2.469999999999998;1.8004208262278991;0.18004208262278992
170.0;2.49;1.7780650020500237;0.17780650020500238
171.0;2.52;1.7836519115046359;0.1783651911504636
172.0;2.4799999999999995;1.8283955543126609;0.1828395554312661
173.0;2.68;1.8083979181316903;0.18083979181316903
174.0;2.619999999999999;1.768295418437962;0.1768295418437962
175.0;2.5700000000000003;1.6952399192557919;0.16952399192557918
176.0;2.689999999999999;1.6978596151411556;0.16978596151411557
177.0;2.5700000000000003;1.6468825769380833;0.16468825769380832
178.0;2.519999999999999;1.7435595774162693;0.17435595774162693
179.0;2.3899999999999997;1.6446730662808016;0.16446730662808015
180.0;2.250000000000001;1.5851265762160014;0.15851265762160013
181.0;2.29;1.5782294132375307;0.15782294132375307
182.0;2.2499999999999996;1.7371461561068395;0.17371461561068396
183.0;2.2199999999999998;1.6610815510359265;0.16610815510359264
184.0;2.2699999999999996;1.6688167949027524;0.16688167949027524
185.0;2.3599999999999994;1.617580185513428;0.1617580185513428
186.0;2.330000000000001;1.6084059490594087;0.16084059490594088
187.0;2.250000000000001;1.7019003045021894;0.17019003045021894
188.0;2.020000000000001;1.6513233138512537;0.16513233138512537
189.0;1.9899999999999989;1.6048852188416984;0.16048852188416984
190.0;2.1200000000000006;1.5260697523012798;0.15260697523012798
191.0;2.2200000000000006;1.6671514446486075;0.16671514446486074
192.0;2.3600000000000008;1.684870285448669;0.1684870285448669
193.0;2.4499999999999997;1.8278153875348269;0.1827815387534827
194.0;2.350000000000001;1.7943514064131836;0.17943514064131835
195.0;2.350000000000002;1.7830571862093854;0.17830571862093852
196.0;2.3599999999999985;1.7086825215925745;0.17086825215925744
197.0;2.369999999999999;1.7387735140993303;0.17387735140993305
198.0;2.5300000000000007;1.7948016969328757;0.17948016969328756
199.0;2.459999999999999;1.702167364677674;0.17021673646776742
200.0;2.66;1.8047076486150593;0.18047076486150593
201.0;2.7300000000000013;1.662752980676166;0.1662752980676166
202.0;2.6;1.669694219873444;0.16696942198734438
203.0;2.6400000000000006;1.586050300449376;0.1586050300449376
204.0;2.7800000000000002;1.7383377640200368;0.17383377640200368
205.0;2.7000000000000006;1.6787441193290358;0.1678744119329036
206.0;2.6599999999999997;1.7593616840642905;0.17593616840642906
207.0;2.4199999999999995;1.78195216977155;0.17819521697715499
208.0;2.3899999999999992;1.58206488265472;0.15820648826547198
209.0;2.409999999999999;1.6211668076363452;0.16211668076363453
210.0;2.419999999999999;1.770578858720926;0.1770578858720926
211.0;2.679999999999999;1.7284312967181388;0.17284312967181387
212.0;2.5400000000000005;1.7374077985855416;0.17374077985855416
213.0;2.5100000000000002;1.726179877561133;0.1726179877561133
214.0;2.4600000000000013;1.6169556130412037;0.16169556130412038
215.0;2.4099999999999997;1.676305461424021;0.16763054614240208
216.0;2.339999999999999;1.551929395457425;0.15519293954574248
217.0;2.2899999999999996;1.6593475655914718;0.1659347565591472
218.0;2.46;1.6722331285929113;0.16722331285929112
219.0;2.5;1.7085642859406605;0.17085642859406605
220.0;2.33;1.7641491496532322;0.17641491496532322
221.0;2.2700000000000005;1.644427381838862;0.1644427381838862
222.0;2.3899999999999992;1.6323435467282779;0.1632343546728278
223.0;2.340000000000001;1.5841385512305892;0.15841385512305892
224.0;2.3600000000000003;1.6175801855134282;0.1617580185513428
225.0;2.400000000000001;1.6817499303650432;0.16817499303650432
226.0;2.16;1.7333333333333336;0.17333333333333337
227.0;2.4099999999999993;1.53803626600791;0.153803626600791
228.0;2.29;1.5458971439904985;0.15458971439904984
229.0;2.5;1.5666989036012806;0.15666989036012807
230.0;2.3199999999999994;1.5562191946567752;0.15562191946567752
231.0;2.2899999999999996;1.5718161662885584;0.15718161662885582
232.0;2.23;1.63827329647388;0.163827329647388
233.0;2.4499999999999997;1.5851265762160014;0.15851265762160013
234.0;2.290000000000002;1.7191435499848593;0.17191435499848592
235.0;2.38;1.6003787430518195;0.16003787430518196
236.0;2.5500000000000003;1.7313216764872863;0.17313216764872863
237.0;2.47;1.6663939170762376;0.16663939170762376
238.0;2.349999999999999;1.6041297713191172;0.16041297713191172
239.0;2.289999999999999;1.7014254273545122;0.1701425427354512
240.0;2.199999999999999;1.6937198318160147;0.16937198318160146
241.0;2.3200000000000003;1.7108093660220263;0.17108093660220264
242.0;2.5500000000000007;1.788713210521729;0.1788713210521729
243.0;2.2;1.6267958219963083;0.16267958219963083
244.0;2.370000000000001;1.7503534996501058;0.17503534996501058
245.0;2.530000000000001;1.696431191613379;0.1696431191613379
246.0;2.4299999999999984;1.671236160161185;0.1671236160161185
247.0;2.710000000000001;1.671477904083205;0.1671477904083205
248.0;2.7;1.7609685122142587;0.17609685122142588
249.0;2.6800000000000006;1.7688665548562135;0.17688665548562135
250.0;2.5500000000000003;1.7887132105217283;0.17887132105217282
251.0;2.419999999999999;1.7819521697715504;0.17819521697715504
252.0;2.310000000000001;1.8185075465803533;0.18185075465803532
253.0;2.319999999999999;1.7167034417949731;0.1716703441794973
254.0;2.23;1.6688167949027524;0.16688167949027524
255.0;2.49;1.7144366215445033;0.17144366215445034
256.0;2.3299999999999983;1.7468875641025559;0.17468875641025558
257.0;2.3100000000000005;1.5221927299362283;0.15221927299362284
258.0;2.209999999999999;1.6409839374071526;0.16409839374071528
259.0;2.3199999999999994;1.6750094225575467;0.16750094225575468
260.0;2.1999999999999984;1.5374122295716146;0.15374122295716147
261.0;2.1900000000000004;1.6249009293809362;0.16249009293809363
262.0;2.080000000000001;1.7155262466748518;0.17155262466748517
263.0;2.17;1.6517820190278856;0.16517820190278856
264.0;2.1800000000000006;1.7717194752527556;0.17717194752527557
265.0;2.1599999999999997;1.7391510758546724;0.17391510758546724
266.0;2.090000000000001;1.6823204273270944;0.16823204273270945
267.0;2.12;1.6531573708904104;0.16531573708904104
268.0;2.22;1.789870487950557;0.1789870487950557
269.0;2.2800000000000007;1.7119898045575772;0.1711989804557577
270.0;2.2700000000000005;1.6868774571839995;0.16868774571839995
271.0;2.320000000000001;1.7400801096152976;0.17400801096152976
272.0;2.400000000000001;1.7465695092108566;0.17465695092108566
273.0;2.35;1.7313216764872856;0.17313216764872857
274.0;2.1599999999999993;1.5289793254906285;0.15289793254906286
275.0;2.26;1.6368237288089142;0.16368237288089144
276.0;2.0900000000000003;1.712078304637998;0.17120783046379978
277.0;2.19;1.6678480661370723;0.16678480661370723
278.0;2.3500000000000005;1.4728176802279094;0.14728176802279094
279.0;2.4600000000000004;1.566183033023054;0.1566183033023054
280.0;2.3400000000000007;1.6830707866062182;0.16830707866062183
281.0;2.259999999999999;1.773087246538755;0.1773087246538755
282.0;2.1899999999999995;1.637286496220827;0.1637286496220827
283.0;2.2199999999999998;1.5280541531469019;0.1528054153146902
284.0;2.0800000000000005;1.703709559351671;0.1703709559351671
285.0;2.1300000000000003;1.727115888679533;0.1727115888679533
286.0;2.35;1.7313216764872863;0.17313216764872863
287.0;2.46;1.7080912614891977;0.17080912614891977
288.0;2.6300000000000012;1.7789737139000885;0.17789737139000886
289.0;2.63;1.6615375622317634;0.16615375622317635
290.0;2.6700000000000004;1.7352844496543272;0.1735284449654327
291.0;2.670000000000001;1.6940478091830762;0.16940478091830763
292.0;2.6400000000000006;1.7204650534085248;0.17204650534085247
293.0;2.399999999999999;1.7638342073763937;0.17638342073763938
294.0;2.12;1.6408916029175273;0.16408916029175274
295.0;2.05;1.6537377315791295;0.16537377315791296
296.0;2.2399999999999993;1.551278391026139;0.1551278391026139
297.0;2.180000000000001;1.526731505834962;0.1526731505834962
298.0;2.459999999999999;1.5981049383377155;0.15981049383377155
299.0;2.6;1.7809315460503168;0.17809315460503167
300.0;2.560000000000001;1.7541869105576284;0.17541869105576285
301.0;2.4200000000000004;1.7591320173726175;0.17591320173726174
302.0;2.29;1.7132578688722038;0.1713257868872204
303.0;2.2299999999999995;1.7914217591600028;0.1791421759160003
304.0;2.3200000000000007;1.7971919735796147;0.17971919735796146
305.0;2.2999999999999994;1.7494587907710375;0.17494587907710374
306.0;2.1700000000000004;1.6021135030851203;0.16021135030851202
307.0;2.1300000000000003;1.6856794332004976;0.16856794332004976
308.0;2.269999999999999;1.632096006286816;0.1632096006286816
309.0;2.3500000000000005;1.783057186209385;0.1783057186209385
310.0;2.3000000000000003;1.8118576883486965;0.18118576883486964
311.0;2.34;1.7991019083886486;0.17991019083886486
312.0;2.309999999999999;1.8073642844113238;0.18073642844113239
313.0;2.250000000000001;1.6959547830831538;0.1695954783083154
314.0;2.0500000000000003;1.5851265762160014;0.15851265762160013
315.0;2.1300000000000003;1.7212574684594029;0.1721257468459403
316.0;2.219999999999999;1.6488747310781005;0.16488747310781005
317.0;2.2799999999999994;1.7470321153662898;0.174703211536629
318.0;2.310000000000001;1.7037984895313452;0.17037984895313452
319.0;2.5500000000000007;1.677991825265119;0.16779918252651188
320.0;2.54;1.591771771874779;0.1591771771874779
321.0;2.4600000000000004;1.6169556130412033;0.16169556130412033
322.0;2.3000000000000003;1.604916688104892;0.1604916688104892
323.0;2.3;1.8450041745319727;0.18450041745319729
324.0;2.2699999999999996;1.8249394621203303;0.18249394621203302
325.0;2.39;1.7167916988888712;0.17167916988888712
326.0;2.5100000000000002;1.7723749973730538;0.17723749973730538
327.0;2.370000000000001;1.6856794332004976;0.16856794332004976
328.0;2.4500000000000015;1.6353111093129722;0.1635311109312972
329.0;2.2699999999999996;1.7165563365545735;0.17165563365545736
330.0;2.1299999999999986;1.5482476245971464;0.15482476245971463
331.0;2.08;1.6371939532028696;0.16371939532028695
332.0;2.2699999999999996;1.7224307465810273;0.17224307465810273
333.0;2.0599999999999987;1.668604933542516;0.1668604933542516
334.0;2.2000000000000006;1.7523433084607227;0.17523433084607226
335.0;2.2000000000000006;1.8034758807716982;0.18034758807716983
336.0;2.12;1.6408916029175276;0.16408916029175274
337.0;2.1700000000000004;1.8697755496477662;0.1869775549647766
338.0;2.1200000000000006;1.6470359051117474;0.16470359051117472
339.0;2.1800000000000006;1.8443470827412507;0.18443470827412506
340.0;2.190000000000001;1.6918998943570074;0.16918998943570074
341.0;2.379999999999999;1.704302339564921;0.1704302339564921
342.0;2.45;1.7659804270395718;0.17659804270395718
343.0;2.3899999999999992;1.7343528470238683;0.17343528470238684
344.0;2.3899999999999992;1.6930935167809418;0.1693093516780942
345.0;2.3000000000000016;1.648384578055654;0.1648384578055654
346.0;2.2600000000000007;1.6854696914534184;0.16854696914534184
347.0;2.2899999999999996;1.6224124698183944;0.16224124698183945
348.0;2.4000000000000004;1.6575508280214966;0.16575508280214965
349.0;2.250000000000001;1.7137294672347463;0.17137294672347464
350.0;1.9600000000000004;1.6200760675494423;0.16200760675494424
351.0;2.109999999999999;1.58843675137895;0.158843675137895
352.0;2.1400000000000006;1.6878651868229553;0.16878651868229552
353.0;2.3000000000000007;1.6907353011591906;0.16907353011591905
354.0;2.4300000000000006;1.665181156159378;0.1665181156159378
355.0;2.3800000000000012;1.6378108078847944;0.16378108078847944
356.0;2.3900000000000006;1.7746531884832992;0.17746531884832992
357.0;2.5100000000000002;1.7436464751500034;0.17436464751500033
358.0;2.4100000000000006;1.5960494157054588;0.1596049415705459
359.0;2.639999999999998;1.5987368751485018;0.15987368751485018
360.0;2.540000000000001;1.7662377981449615;0.17662377981449615
361.0;2.56;1.7192904338591535;0.17192904338591536
362.0;2.560000000000002;1.665575400317084;0.1665575400317084
363.0;2.6200000000000014;1.6744062719771342;0.1674406271977134
364.0;2.399999999999999;1.6817499303650436;0.16817499303650435
365.0;2.229999999999999;1.7687237880414903;0.17687237880414902
366.0;2.1600000000000006;1.8352331753978317;0.18352331753978318
367.0;2.300000000000001;1.6847503786566833;0.16847503786566834
368.0;2.1399999999999992;1.836883614751194;0.1836883614751194
369.0;2.0600000000000005;1.65034431669163;0.165034431669163
370.0;2.1699999999999986;1.803783901590311;0.1803783901590311
371.0;2.2800000000000007;1.8095146958075345;0.18095146958075345
372.0;2.2699999999999996;1.8794744591039914;0.18794744591039914
373.0;2.020000000000001;1.6936005515713637;0.16936005515713637
374.0;2.3200000000000007;1.7458753701455345;0.17458753701455346
375.0;2.3300000000000005;1.6940478091830764;0.16940478091830763
376.0;2.06;1.6746475582773959;0.1674647558277396
377.0;1.9900000000000007;1.585891076035963;0.1585891076035963
378.0;1.9900000000000007;1.6483539386523476;0.16483539386523477
379.0;2.0900000000000003;1.7002376542142805;0.17002376542142805
380.0;1.9600000000000006;1.7461067804945059;0.17461067804945057
381.0;1.8;1.7232808737106582;0.1723280873710658
382.0;2.05;1.7019003045021903;0.17019003045021902
383.0;2.1699999999999995;1.7000000000000002;0.17
384.0;2.229999999999999;1.63827329647388;0.163827329647388
385.0;2.249999999999999;1.6659089186544758;0.16659089186544757
386.0;2.3300000000000005;1.7981752816214396;0.17981752816214397
387.0;2.2999999999999994;1.7724034928351224;0.17724034928351223
388.0;2.2900000000000005;1.7769284587384906;0.17769284587384906
389.0;2.2400000000000007;1.6460543580012632;0.16460543580012632
390.0;2.1700000000000013;1.5508550916031825;0.15508550916031824
391.0;2.109999999999999;1.6990490507244569;0.16990490507244568
392.0;2.0;1.7465695092108557;0.17465695092108557
393.0;1.9399999999999988;1.7570636662547907;0.17570636662547906
394.0;1.8099999999999998;1.6249009293809362;0.16249009293809363
395.0;1.9300000000000002;1.6952399192557919;0.16952399192557918
396.0;2.0500000000000003;1.7487369179155585;0.17487369179155585
397.0;2.17;1.786905230567727;0.17869052305677272
398.0;2.209999999999998;1.7073518984235516;0.17073518984235517
399.0;2.0700000000000003;1.707115234611426;0.1707115234611426
400.0;2.12;1.5972198067614585;0.15972198067614585
401.0;2.3700000000000006;1.7561148578436985;0.17561148578436986
402.0;2.5800000000000014;1.6888224335676063;0.16888224335676064
403.0;2.469999999999999;1.7491989508620711;0.17491989508620712
404.0;2.46;1.7547626389890796;0.17547626389890797
405.0;2.31;1.8405916923038033;0.18405916923038032
406.0;2.1699999999999977;1.7526603155826233;0.17526603155826231
407.0;2.1200000000000006;1.6953888740768102;0.16953888740768103
408.0;2.19;1.5485085688748346;0.15485085688748346
409.0;2.1000000000000005;1.5859229221975186;0.15859229221975185
410.0;2.040000000000002;1.6324982404433108;0.16324982404433108
411.0;2.15;1.6414763002993509;0.1641476300299351
412.0;2.06;1.674647558277396;0.16746475582773962
413.0;2.020000000000001;1.6695732231545724;0.16695732231545724
414.0;2.2799999999999994;1.717879830230017;0.1717879830230017
415.0;2.4;1.7580981459830651;0.17580981459830652
416.0;2.2300000000000004;1.6444273818388617;0.16444273818388616
417.0;2.1900000000000004;1.7390058694959645;0.17390058694959645
418.0;2.2099999999999986;1.7014254273545122;0.1701425427354512
419.0;2.1300000000000012;1.7561148578436983;0.17561148578436983
420.0;2.2299999999999995;1.7399349807891489;0.1739934980789149
421.0;2.199999999999999;1.5308279927654653;0.15308279927654653
422.0;2.19;1.6978596151411556;0.16978596151411557
423.0;2.149999999999999;1.7545035845739465;0.17545035845739465
424.0;2.1900000000000004;1.6738934231064988;0.1673893423106499
425.0;2.400000000000001;1.5891043154093207;0.15891043154093207
426.0;2.3999999999999995;1.6329931618554523;0.16329931618554522
427.0;2.369999999999999;1.6796764960292596;0.16796764960292596
428.0;2.3699999999999997;1.7732866250399153;0.17732866250399154
429.0;2.2200000000000006;1.7671525918347522;0.17671525918347522
430.0;2.1800000000000006;1.7255068059482517;0.17255068059482517
431.0;2.1699999999999986;1.7584141156224269;0.1758414115622427
432.0;2.339999999999999;1.689061660487649;0.1689061660487649
433.0;2.2299999999999995;1.668816794902753;0.1668816794902753
434.0;2.2600000000000002;1.6974133619163365;0.16974133619163365
435.0;2.3599999999999994;1.6968181750535087;0.16968181750535088
436.0;2.330000000000001;1.7869052305677275;0.17869052305677274
437.0;2.3200000000000003;1.7048949136725897;0.17048949136725897
438.0;2.3799999999999994;1.7102188412154993;0.17102188412154992
439.0;2.3299999999999996;1.7118422942561153;0.17118422942561154
440.0;2.1899999999999986;1.7563449190712725;0.17563449190712727
441.0;2.2800000000000002;1.7870465448709927;0.17870465448709927
442.0;2.5300000000000002;1.7835103282316844;0.17835103282316844
443.0;2.41;1.8427855506972548;0.18427855506972549
444.0;2.4899999999999998;1.690705429246872;0.1690705429246872
445.0;2.5199999999999987;1.6604733413011235;0.16604733413011236
446.0;2.43;1.57155909204776;0.157155909204776
447.0;2.38;1.6622973029011154;0.16622973029011154
448.0;2.5299999999999994;1.7376112710537215;0.17376112710537214
449.0;2.4900000000000015;1.88826787176914;0.18882678717691398
450.0;2.52;2.0074608314731797;0.20074608314731796
451.0;2.540000000000002;1.8609218960048544;0.18609218960048543
452.0;2.5400000000000005;1.7257409475879684;0.17257409475879684
453.0;2.66;1.7878376985519793;0.17878376985519792
454.0;2.53;1.7835103282316844;0.17835103282316844
455.0;2.639999999999999;1.708682521592575;0.1708682521592575
456.0;2.610000000000001;1.7574947734738442;0.17574947734738441
457.0;2.5;1.8118576883486965;0.18118576883486964
458.0;2.3200000000000007;1.7458753701455343;0.17458753701455343
459.0;2.3299999999999996;1.7118422942561151;0.1711842294256115
460.0;2.530000000000001;1.666393917076238;0.16663939170762382
461.0;2.3199999999999985;1.7108093660220263;0.17108093660220264
462.0;2.1600000000000015;1.6312602799707048;0.1631260279970705
463.0;2.2199999999999993;1.6427373066275264;0.16427373066275264
464.0;2.1299999999999994;1.6916610688069795;0.16916610688069794
465.0;2.2799999999999994;1.6641192653451646;0.16641192653451647
466.0;2.399999999999999;1.7580981459830651;0.17580981459830652
467.0;2.42;1.8156446944723674;0.18156446944723675
468.0;2.3799999999999994;1.8022432710599332;0.18022432710599331
469.0;2.0900000000000007;1.717968026889366;0.1717968026889366
470.0;2.4399999999999986;1.7599357196709595;0.17599357196709595
471.0;2.39;1.6508032939001291;0.1650803293900129
472.0;2.3400000000000003;1.6527907222988552;0.16527907222988553
473.0;2.4600000000000013;1.6962227793458373;0.16962227793458373
474.0;2.329999999999999;1.7526603155826237;0.17526603155826237
475.0;2.3900000000000006;1.613672641504278;0.1613672641504278
476.0;2.4999999999999996;1.8006732747570398;0.18006732747570398
477.0;2.5800000000000014;1.724335620850342;0.1724335620850342
478.0;2.4;1.699673171197595;0.1699673171197595
479.0;2.3200000000000007;1.710809366022026;0.1710809366022026
